File,HEADER(0)_cp_y, gs_y, cp_n, p,r,f,HEADER(1)_cp_y, gs_y, cp_n, p,r,f
"E:\Data\table_annotation\tmp\13th_Lok_Sabha_2973.html_3.xml.html.cell.keys",0.5,3.0,2.5,0.16666666666666666,0.16666666666666666,0.16666666666666666,1.75,3.0,1.25,0.5833333333333334,0.5833333333333334,0.5833333333333334,
"E:\Data\table_annotation\tmp\14th_Lok_Sabha_994e.html_14.xml.html.cell.keys",0.0,1.0,1.0,0.0,0.0,0.0,0.5,1.0,0.5,0.5,0.5,0.5,
"E:\Data\table_annotation\tmp\7_Studios_5645.html_0.xml.html.cell.keys",1.5833333333333333,5.0,2.416666666666667,0.3958333333333333,0.31666666666666665,0.3518518518518519,2.0,5.0,2.0,0.5,0.4,0.4444444444444445,
"E:\Data\table_annotation\tmp\Aeropuertos_y_Servicios_Auxiliares_a1ee.html_0.xml.html.cell.keys",0.5,5.0,4.5,0.1,0.1,0.10000000000000002,1.75,5.0,3.25,0.35,0.35,0.35,
"E:\Data\table_annotation\tmp\Alphabetical_list_of_municipalities_and_communities_in_Greece_8069.html_5.xml.html.cell.keys",0.0,4.0,3.0,0.0,0.0,0.0,1.0,4.0,2.0,0.3333333333333333,0.25,0.28571428571428575,
"E:\Data\table_annotation\tmp\Atlanta_Hawks_3a1a.html_0.xml.html.cell.keys",0.0,6.0,3.0,0.0,0.0,0.0,1.0,6.0,2.0,0.3333333333333333,0.16666666666666666,0.2222222222222222,
"E:\Data\table_annotation\tmp\Aviation_in_Singapore_b8f5.html_0.xml.html.cell.keys",0.0,1.0,1.0,0.0,0.0,0.0,0.375,1.0,0.625,0.375,0.375,0.375,
"E:\Data\table_annotation\tmp\Baltimore_Mariners_0006.html_0.xml.html.cell.keys",0.0,1.0,1.0,0.0,0.0,0.0,0.5,1.0,0.5,0.5,0.5,0.5,
"E:\Data\table_annotation\tmp\Belgian_Ebony_Shoe_b217.html_0.xml.html.cell.keys",1.6666666666666665,6.0,4.333333333333334,0.27777777777777773,0.27777777777777773,0.27777777777777773,3.833333333333333,6.0,2.166666666666667,0.6388888888888888,0.6388888888888888,0.6388888888888888,
"E:\Data\table_annotation\tmp\Beresford_County,_New_South_Wales_9641.html_0.xml.html.cell.keys",0.2857142857142857,3.0,1.7142857142857144,0.14285714285714285,0.09523809523809523,0.11428571428571427,1.1428571428571428,3.0,0.8571428571428571,0.5714285714285714,0.38095238095238093,0.4571428571428571,
"E:\Data\table_annotation\tmp\Best_of_Eurovision_be62.html_0.xml.html.cell.keys",2.176470588235294,4.0,0.8235294117647058,0.7254901960784313,0.5441176470588235,0.6218487394957983,2.264705882352941,4.0,0.7352941176470589,0.7549019607843137,0.5661764705882353,0.6470588235294118,
"E:\Data\table_annotation\tmp\Bishop_of_Tonbridge_e12a.html_0.xml.html.cell.keys",0.0,3.0,1.0,0.0,0.0,0.0,0.5,3.0,0.5,0.5,0.16666666666666666,0.25,
"E:\Data\table_annotation\tmp\Boris_Shilkov_932d.html_0.xml.html.cell.keys",0.0,1.0,1.0,0.0,0.0,0.0,0.5,1.0,0.5,0.5,0.5,0.5,
"E:\Data\table_annotation\tmp\Brisbane_Broncos_2007_f85a.html_3.xml.html.cell.keys",0.3333333333333333,2.0,1.6666666666666667,0.16666666666666666,0.16666666666666666,0.16666666666666666,1.0,2.0,1.0,0.5,0.5,0.5,
"E:\Data\table_annotation\tmp\Canadian_veteran_licence_plates.html_0.xml.html.cell.keys",0.0,1.0,1.0,0.0,0.0,0.0,0.5,1.0,0.5,0.5,0.5,0.5,
"E:\Data\table_annotation\tmp\Canton_of_Le_Catelet_05f6.html_0.xml.html.cell.keys",0.25,3.0,0.75,0.25,0.08333333333333333,0.125,0.625,3.0,0.375,0.625,0.20833333333333334,0.3125,
"E:\Data\table_annotation\tmp\Canton_of_Marquion_e508.html_0.xml.html.cell.keys",0.25,3.0,0.75,0.25,0.08333333333333333,0.125,0.625,3.0,0.375,0.625,0.20833333333333334,0.3125,
"E:\Data\table_annotation\tmp\Capital_and_Counties_b9a1.html_0.xml.html.cell.keys",0.5,3.0,1.5,0.25,0.16666666666666666,0.2,1.25,3.0,0.75,0.625,0.4166666666666667,0.5,
"E:\Data\table_annotation\tmp\Carrera_Panamericana_4c5a.html_0.xml.html.cell.keys",0.0,2.0,2.0,0.0,0.0,0.0,0.5,2.0,1.5,0.25,0.25,0.25,
"E:\Data\table_annotation\tmp\Central_Greece_9697.html_1.xml.html.cell.keys",0.0,3.0,2.0,0.0,0.0,0.0,1.0,3.0,1.0,0.5,0.3333333333333333,0.4,
"E:\Data\table_annotation\tmp\Central_Highlands_Province_f6e0.html_0.xml.html.cell.keys",0.25,4.0,1.75,0.125,0.0625,0.08333333333333333,1.0,4.0,1.0,0.5,0.25,0.3333333333333333,
"E:\Data\table_annotation\tmp\Chapters_of_Alpha_Kappa_Psi_74d7.html_1.xml.html.cell.keys",2.0,2.0,0.0,1.0,1.0,1.0,2.0,2.0,0.0,1.0,1.0,1.0,
"E:\Data\table_annotation\tmp\Chicago_Cubs_team_records_b45c.html_12.xml.html.cell.keys",0.3333333333333333,3.0,0.6666666666666667,0.3333333333333333,0.1111111111111111,0.16666666666666666,0.6666666666666666,3.0,0.33333333333333337,0.6666666666666666,0.2222222222222222,0.3333333333333333,
"E:\Data\table_annotation\tmp\Chief_Minister_of_the_Northern_Territory_be79.html_0.xml.html.cell.keys",0.25,3.0,1.75,0.125,0.08333333333333333,0.1,1.0,3.0,1.0,0.5,0.3333333333333333,0.4,
"E:\Data\table_annotation\tmp\Chinese_swords.html_0.xml.html.cell.keys",0.25,2.0,1.75,0.125,0.125,0.125,0.25,2.0,1.75,0.125,0.125,0.125,
"E:\Data\table_annotation\tmp\Chris_Alajajian_2b21.html_1.xml.html.cell.keys",0.0,1.0,1.0,0.0,0.0,0.0,0.5,1.0,0.5,0.5,0.5,0.5,
"E:\Data\table_annotation\tmp\CMX_discography_7efa.html_0.xml.html.cell.keys",0.0,3.0,2.0,0.0,0.0,0.0,0.0,3.0,2.0,0.0,0.0,0.0,
"E:\Data\table_annotation\tmp\Comarques_of_Catalonia_a70c.html_1.xml.html.cell.keys",0.3333333333333333,3.0,2.666666666666667,0.11111111111111109,0.1111111111111111,0.11111111111111109,1.6666666666666665,3.0,1.3333333333333335,0.5555555555555555,0.5555555555555555,0.5555555555555555,
"E:\Data\table_annotation\tmp\Commedia_all'italiana.html_0.xml.html.cell.keys",1.8333333333333333,4.0,1.1666666666666667,0.611111111111111,0.4583333333333333,0.5238095238095237,2.25,4.0,0.75,0.75,0.5625,0.6428571428571429,
"E:\Data\table_annotation\tmp\Communes_of_the_Essonne_department_7d4a.html_1.xml.html.cell.keys",0.25,2.0,0.75,0.25,0.125,0.16666666666666666,0.625,2.0,0.375,0.625,0.3125,0.4166666666666667,
"E:\Data\table_annotation\tmp\Communes_of_the_Var_department_e37f.html_1.xml.html.cell.keys",0.0,2.0,1.0,0.0,0.0,0.0,0.5,2.0,0.5,0.5,0.25,0.3333333333333333,
"E:\Data\table_annotation\tmp\Comuni_of_the_Province_of_Naples_92ce.html_0.xml.html.cell.keys",0.0,2.0,1.0,0.0,0.0,0.0,0.5,2.0,0.5,0.5,0.25,0.3333333333333333,
"E:\Data\table_annotation\tmp\County_of_Nares,_Queensland_eccc.html_0.xml.html.cell.keys",0.0,4.0,3.0,0.0,0.0,0.0,1.5,4.0,1.5,0.5,0.375,0.42857142857142855,
"E:\Data\table_annotation\tmp\County_statistics_of_the_United_States_66c4.html_4.xml.html.cell.keys",0.25,3.0,0.75,0.25,0.08333333333333333,0.125,0.625,3.0,0.375,0.625,0.20833333333333334,0.3125,
"E:\Data\table_annotation\tmp\Danish_Superliga_1995-96_829e.html_1.xml.html.cell.keys",0.8333333333333333,2.0,1.1666666666666667,0.41666666666666663,0.41666666666666663,0.41666666666666663,1.4166666666666665,2.0,0.5833333333333334,0.7083333333333333,0.7083333333333333,0.7083333333333334,
"E:\Data\table_annotation\tmp\Danny_DeVito_filmography_9079.html_0.xml.html.cell.keys",1.0,3.0,1.0,0.5,0.3333333333333333,0.4,1.5,3.0,0.5,0.75,0.5,0.6,
"E:\Data\table_annotation\tmp\Demographics_of_the_Swiss_Federal_Council_130f.html_6.xml.html.cell.keys",0.0,2.0,1.0,0.0,0.0,0.0,0.5,2.0,0.5,0.5,0.25,0.3333333333333333,
"E:\Data\table_annotation\tmp\Diet_Pepsi_NFL_Rookie_of_the_Week_1657.html_1.xml.html.cell.keys",0.5,4.0,3.5,0.125,0.125,0.125,1.8333333333333333,4.0,2.166666666666667,0.4583333333333333,0.4583333333333333,0.4583333333333333,
"E:\Data\table_annotation\tmp\Division_I_94db.html_0.xml.html.cell.keys",0.16666666666666666,4.0,2.8333333333333335,0.05555555555555555,0.041666666666666664,0.04761904761904762,0.9166666666666667,4.0,2.0833333333333335,0.3055555555555556,0.22916666666666669,0.26190476190476186,
"E:\Data\table_annotation\tmp\Eddie_Robinson_Coach_of_the_Year_cc5c.html_0.xml.html.cell.keys",0.0,3.0,2.0,0.0,0.0,0.0,0.5,3.0,1.5,0.25,0.16666666666666666,0.2,
"E:\Data\table_annotation\tmp\Ed_Pimm_3df7.html_0.xml.html.cell.keys",0.0,1.0,1.0,0.0,0.0,0.0,0.5,1.0,0.5,0.5,0.5,0.5,
"E:\Data\table_annotation\tmp\Electoral_district_of_Newland_39c6.html_0.xml.html.cell.keys",0.75,3.0,1.25,0.375,0.25,0.3,1.25,3.0,0.75,0.625,0.4166666666666667,0.5,
"E:\Data\table_annotation\tmp\El_Paso,_Texas_243a.html_3.xml.html.cell.keys",0.6666666666666666,5.0,3.3333333333333335,0.16666666666666666,0.13333333333333333,0.14814814814814814,1.25,5.0,2.75,0.3125,0.25,0.2777777777777778,
"E:\Data\table_annotation\tmp\ESPN_NFL_2K_966d.html_0.xml.html.cell.keys",2.0,4.0,1.0,0.6666666666666666,0.5,0.5714285714285715,2.5,4.0,0.5,0.8333333333333334,0.625,0.7142857142857143,
"E:\Data\table_annotation\tmp\Estonia.html_2.xml.html.cell.keys",0.2,1.0,0.8,0.2,0.2,0.20000000000000004,0.3333333333333333,1.0,0.6666666666666667,0.3333333333333333,0.3333333333333333,0.3333333333333333,
"E:\Data\table_annotation\tmp\EuroBasket_2007_squads_8fed.html_13.xml.html.cell.keys",0.3333333333333333,5.0,2.666666666666667,0.11111111111111109,0.06666666666666667,0.08333333333333333,1.1666666666666665,5.0,1.8333333333333335,0.38888888888888884,0.2333333333333333,0.29166666666666663,
"E:\Data\table_annotation\tmp\Fast_bowling.html_1.xml.html.cell.keys",0.3333333333333333,2.0,1.6666666666666667,0.16666666666666666,0.16666666666666666,0.16666666666666666,0.7291666666666666,2.0,1.2708333333333335,0.3645833333333333,0.3645833333333333,0.36458333333333326,
"E:\Data\table_annotation\tmp\FIFA_100_44ce.html_7.xml.html.cell.keys",0.3333333333333333,3.0,1.6666666666666667,0.16666666666666666,0.1111111111111111,0.13333333333333333,0.6666666666666666,3.0,1.3333333333333335,0.3333333333333333,0.2222222222222222,0.26666666666666666,
"E:\Data\table_annotation\tmp\Fifth_dynasty_of_Egypt_687d.html_0.xml.html.cell.keys",1.5,5.0,2.5,0.375,0.3,0.33333333333333326,2.75,5.0,1.25,0.6875,0.55,0.6111111111111112,
"E:\Data\table_annotation\tmp\file398415_0_cols1_rows58.xml.html.cell.keys",0.0,1.0,1.0,0.0,0.0,0.0,0.5,1.0,0.5,0.5,0.5,0.5,
"E:\Data\table_annotation\tmp\file404761_0_cols1_rows11.xml.html.cell.keys",1.0,2.0,0.0,1.0,0.5,0.6666666666666666,1.0,2.0,0.0,1.0,0.5,0.6666666666666666,
"E:\Data\table_annotation\tmp\file405599_0_cols1_rows23.xml.html.cell.keys",1.0,2.0,0.0,1.0,0.5,0.6666666666666666,1.0,2.0,0.0,1.0,0.5,0.6666666666666666,
"E:\Data\table_annotation\tmp\file440470_0_cols1_rows26.xml.html.cell.keys",0.0,2.0,2.0,0.0,0.0,0.0,0.5,2.0,1.5,0.25,0.25,0.25,
"E:\Data\table_annotation\tmp\file526591_0_cols1_rows20.xml.html.cell.keys",0.0,1.0,1.0,0.0,0.0,0.0,0.5,1.0,0.5,0.5,0.5,0.5,
"E:\Data\table_annotation\tmp\Final_24.html_0.xml.html.cell.keys",1.3333333333333333,3.0,0.6666666666666667,0.6666666666666666,0.4444444444444444,0.5333333333333333,1.5,3.0,0.5,0.75,0.5,0.6,
"E:\Data\table_annotation\tmp\Fixed_dose_combination_(antiretroviral).html_0.xml.html.cell.keys",0.4444444444444444,3.0,1.5555555555555556,0.2222222222222222,0.14814814814814814,0.17777777777777776,0.8888888888888888,3.0,1.1111111111111112,0.4444444444444444,0.2962962962962963,0.3555555555555555,
"E:\Data\table_annotation\tmp\Former_municipalities_of_Norway_c4a3.html_8.xml.html.cell.keys",1.0,2.0,1.0,0.5,0.5,0.5,1.0,2.0,1.0,0.5,0.5,0.5,
"E:\Data\table_annotation\tmp\Former_Southern_Conference_members_0958.html_0.xml.html.cell.keys",0.0,6.0,5.0,0.0,0.0,0.0,2.0,6.0,3.0,0.4,0.3333333333333333,0.3636363636363636,
"E:\Data\table_annotation\tmp\Generation_Adidas_28bc.html_4.xml.html.cell.keys",0.5,5.0,4.5,0.1,0.1,0.10000000000000002,1.75,5.0,3.25,0.35,0.35,0.35,
"E:\Data\table_annotation\tmp\Gowen_County,_New_South_Wales_ef76.html_0.xml.html.cell.keys",0.2857142857142857,3.0,1.7142857142857144,0.14285714285714285,0.09523809523809523,0.11428571428571427,0.6428571428571429,3.0,1.3571428571428572,0.32142857142857145,0.2142857142857143,0.2571428571428571,
"E:\Data\table_annotation\tmp\GraphiCon_ca64.html_0.xml.html.cell.keys",0.0,1.0,1.0,0.0,0.0,0.0,0.5,1.0,0.5,0.5,0.5,0.5,
"E:\Data\table_annotation\tmp\Highest-income_counties_in_the_United_States_631d.html_2.xml.html.cell.keys",0.0,1.0,1.0,0.0,0.0,0.0,0.5,1.0,0.5,0.5,0.5,0.5,
"E:\Data\table_annotation\tmp\Hladno_pivo.html_0.xml.html.cell.keys",2.3333333333333335,4.0,0.6666666666666667,0.7777777777777778,0.5833333333333334,0.6666666666666666,2.6666666666666665,4.0,0.33333333333333337,0.8888888888888888,0.6666666666666666,0.761904761904762,
"E:\Data\table_annotation\tmp\House_(TV_series)_e301.html_0.xml.html.cell.keys",1.0333333333333332,3.0,1.9666666666666668,0.3444444444444444,0.3444444444444444,0.3444444444444444,1.3833333333333333,3.0,1.6166666666666667,0.4611111111111111,0.4611111111111111,0.4611111111111111,
"E:\Data\table_annotation\tmp\Houston_Texans_draft_history_2b62.html_6.xml.html.cell.keys",0.3333333333333333,4.0,2.666666666666667,0.11111111111111109,0.08333333333333333,0.09523809523809523,1.1666666666666665,4.0,1.8333333333333335,0.38888888888888884,0.29166666666666663,0.3333333333333333,
"E:\Data\table_annotation\tmp\Independent_Wrestling_Federation_(Russia)_2ec2.html_0.xml.html.cell.keys",0.5,4.0,3.5,0.125,0.125,0.125,1.5,4.0,2.5,0.375,0.375,0.375,
"E:\Data\table_annotation\tmp\Iowa.html_4.xml.html.cell.keys",0.0,6.0,2.0,0.0,0.0,0.0,1.0,6.0,1.0,0.5,0.16666666666666666,0.25,
"E:\Data\table_annotation\tmp\Italian_Canadians_93aa.html_0.xml.html.cell.keys",0.0,1.0,1.0,0.0,0.0,0.0,0.5,1.0,0.5,0.5,0.5,0.5,
"E:\Data\table_annotation\tmp\Jeff_Tweedy_ce20.html_1.xml.html.cell.keys",1.3333333333333333,3.0,0.6666666666666667,0.6666666666666666,0.4444444444444444,0.5333333333333333,1.6666666666666665,3.0,0.33333333333333337,0.8333333333333333,0.5555555555555555,0.6666666666666665,
"E:\Data\table_annotation\tmp\Juventus_F.C._statistics_and_records_26e0.html_0.xml.html.cell.keys",0.0,3.0,1.0,0.0,0.0,0.0,0.3333333333333333,3.0,0.6666666666666667,0.3333333333333333,0.1111111111111111,0.16666666666666666,
"E:\Data\table_annotation\tmp\KVNE_da85.html_0.xml.html.cell.keys",0.14285714285714285,1.0,0.8571428571428572,0.14285714285714285,0.14285714285714285,0.14285714285714285,0.42857142857142855,1.0,0.5714285714285714,0.42857142857142855,0.42857142857142855,0.42857142857142855,
"E:\Data\table_annotation\tmp\Lee_County,_Florida_fdc0.html_0.xml.html.cell.keys",1.75,4.0,2.25,0.4375,0.4375,0.4375,2.25,4.0,1.75,0.5625,0.5625,0.5625,
"E:\Data\table_annotation\tmp\List_of_African_countries_by_GDP_per_capita_b8bb.html_0.xml.html.cell.keys",0.25,2.0,0.75,0.25,0.125,0.16666666666666666,0.4583333333333333,2.0,0.5416666666666667,0.4583333333333333,0.22916666666666666,0.3055555555555555,
"E:\Data\table_annotation\tmp\List_of_airports_in_the_United_Kingdom_16d1.html_1.xml.html.cell.keys",0.5,7.0,5.5,0.08333333333333333,0.07142857142857142,0.07692307692307691,1.75,7.0,4.25,0.2916666666666667,0.25,0.2692307692307692,
"E:\Data\table_annotation\tmp\List_of_Athabasca_University_people_bac1.html_0.xml.html.cell.keys",1.0,1.0,0.0,1.0,1.0,1.0,1.0,1.0,0.0,1.0,1.0,1.0,
"E:\Data\table_annotation\tmp\List_of_Australian_game_shows_0fc4.html_1.xml.html.cell.keys",2.0,3.0,0.0,1.0,0.6666666666666666,0.8,2.0,3.0,0.0,1.0,0.6666666666666666,0.8,
"E:\Data\table_annotation\tmp\List_of_Australian_Prime_Ministers_by_time_in_office_1a2f.html_0.xml.html.cell.keys",0.5,1.0,0.5,0.5,0.5,0.5,0.75,1.0,0.25,0.75,0.75,0.75,
"E:\Data\table_annotation\tmp\List_of_Avengers_members_8400.html_11.xml.html.cell.keys",0.0,2.0,2.0,0.0,0.0,0.0,1.0,2.0,1.0,0.5,0.5,0.5,
"E:\Data\table_annotation\tmp\List_of_birds_of_Thailand_4230.html_47.xml.html.cell.keys",2.0,2.0,0.0,1.0,1.0,1.0,2.0,2.0,0.0,1.0,1.0,1.0,
"E:\Data\table_annotation\tmp\List_of_Canadian_airports_by_location_indicator~_CJ_27f2.html_0.xml.html.cell.keys",0.0,3.0,3.0,0.0,0.0,0.0,1.0,3.0,2.0,0.3333333333333333,0.3333333333333333,0.3333333333333333,
"E:\Data\table_annotation\tmp\List_of_Canadian_airports_by_location_indicator~_CV_5365.html_0.xml.html.cell.keys",0.0,2.0,2.0,0.0,0.0,0.0,1.0,2.0,1.0,0.5,0.5,0.5,
"E:\Data\table_annotation\tmp\List_of_cast_members_of_The_Simpsons_878d.html_2.xml.html.cell.keys",0.5909090909090909,2.0,1.4090909090909092,0.29545454545454547,0.29545454545454547,0.29545454545454547,0.8863636363636364,2.0,1.1136363636363638,0.4431818181818182,0.4431818181818182,0.44318181818181823,
"E:\Data\table_annotation\tmp\List_of_Catalan_language_television_channels_169d.html_14.xml.html.cell.keys",2.1333333333333333,4.0,1.8666666666666667,0.5333333333333333,0.5333333333333333,0.5333333333333333,2.3,4.0,1.7,0.575,0.575,0.575,
"E:\Data\table_annotation\tmp\List_of_champagne_producers.html_0.xml.html.cell.keys",0.0,5.0,4.0,0.0,0.0,0.0,1.0,5.0,3.0,0.25,0.2,0.22222222222222224,
"E:\Data\table_annotation\tmp\List_of_cities_in_Norway_c220.html_0.xml.html.cell.keys",0.0,4.0,3.0,0.0,0.0,0.0,1.5,4.0,1.5,0.5,0.375,0.42857142857142855,
"E:\Data\table_annotation\tmp\List_of_Daytona_500_broadcasters_861d.html_1.xml.html.cell.keys",0.3833333333333333,5.0,4.616666666666667,0.07666666666666666,0.07666666666666666,0.07666666666666666,2.125,5.0,2.875,0.425,0.425,0.425,
"E:\Data\table_annotation\tmp\List_of_Disney_theatrical_animated_features_b17e.html_0.xml.html.cell.keys",1.0,2.0,0.0,1.0,0.5,0.6666666666666666,1.0,2.0,0.0,1.0,0.5,0.6666666666666666,
"E:\Data\table_annotation\tmp\List_of_Doctor_Who_serials_d22a.html_4.xml.html.cell.keys",1.0,4.0,2.0,0.3333333333333333,0.25,0.28571428571428575,2.0,4.0,1.0,0.6666666666666666,0.5,0.5714285714285715,
"E:\Data\table_annotation\tmp\List_of_Dutch_flags_5b3e.html_1.xml.html.cell.keys",1.0,1.0,0.0,1.0,1.0,1.0,1.0,1.0,0.0,1.0,1.0,1.0,
"E:\Data\table_annotation\tmp\List_of_expressways_and_highways_in_Malaysia_fd41.html_2.xml.html.cell.keys",1.5,4.0,1.5,0.5,0.375,0.42857142857142855,2.25,4.0,0.75,0.75,0.5625,0.6428571428571429,
"E:\Data\table_annotation\tmp\List_of_Finnish_composers_0e0c.html_1.xml.html.cell.keys",0.3333333333333333,4.0,0.6666666666666667,0.3333333333333333,0.08333333333333333,0.13333333333333333,0.5,4.0,0.5,0.5,0.125,0.2,
"E:\Data\table_annotation\tmp\List_of_foreign_ministers_in_1990.html_2.xml.html.cell.keys",0.1,3.0,1.9,0.05,0.03333333333333333,0.04,0.85,3.0,1.15,0.425,0.2833333333333333,0.34,
"E:\Data\table_annotation\tmp\List_of_game_show_hosts.html_4.xml.html.cell.keys",0.08695652173913043,3.0,2.9130434782608696,0.028985507246376812,0.028985507246376812,0.028985507246376812,1.1739130434782608,3.0,1.8260869565217392,0.3913043478260869,0.3913043478260869,0.3913043478260869,
"E:\Data\table_annotation\tmp\List_of_Governors_of_Kansas_38ec.html_3.xml.html.cell.keys",0.0,2.0,1.0,0.0,0.0,0.0,0.5,2.0,0.5,0.5,0.25,0.3333333333333333,
"E:\Data\table_annotation\tmp\List_of_Governors_of_Louisiana_70f6.html_7.xml.html.cell.keys",0.0,2.0,1.0,0.0,0.0,0.0,0.5,2.0,0.5,0.5,0.25,0.3333333333333333,
"E:\Data\table_annotation\tmp\List_of_high_schools_in_Indiana_c5c1.html_3.xml.html.cell.keys",0.3333333333333333,3.0,2.666666666666667,0.11111111111111109,0.1111111111111111,0.11111111111111109,1.1666666666666665,3.0,1.8333333333333335,0.38888888888888884,0.38888888888888884,0.3888888888888888,
"E:\Data\table_annotation\tmp\List_of_high_schools_in_Indiana_c5c1.html_31.xml.html.cell.keys",0.0,3.0,3.0,0.0,0.0,0.0,1.0,3.0,2.0,0.3333333333333333,0.3333333333333333,0.3333333333333333,
"E:\Data\table_annotation\tmp\List_of_ice_hockey_teams_in_Quebec_09ec.html_10.xml.html.cell.keys",0.0,2.0,2.0,0.0,0.0,0.0,1.0,2.0,1.0,0.5,0.5,0.5,
"E:\Data\table_annotation\tmp\List_of_Indigenous_Australian_group_names_51f7.html_15.xml.html.cell.keys",0.5,4.0,3.5,0.125,0.125,0.125,1.2777777777777777,4.0,2.7222222222222223,0.3194444444444444,0.3194444444444444,0.3194444444444444,
"E:\Data\table_annotation\tmp\List_of_Kappa_Alpha_Psi_brothers_18d0.html_10.xml.html.cell.keys",0.0,2.0,2.0,0.0,0.0,0.0,1.0,2.0,1.0,0.5,0.5,0.5,
"E:\Data\table_annotation\tmp\List_of_Lancashire_County_Cricket_Club_records_9066.html_5.xml.html.cell.keys",0.0,3.0,3.0,0.0,0.0,0.0,0.8333333333333333,3.0,2.166666666666667,0.27777777777777773,0.27777777777777773,0.27777777777777773,
"E:\Data\table_annotation\tmp\List_of_LGBT_characters_in_modern_written_fiction_84cf.html_9.xml.html.cell.keys",0.8333333333333333,3.0,2.166666666666667,0.27777777777777773,0.27777777777777773,0.27777777777777773,1.25,3.0,1.75,0.4166666666666667,0.4166666666666667,0.4166666666666667,
"E:\Data\table_annotation\tmp\List_of_Members_of_the_European_Parliament_2004-2009_541b.html_13.xml.html.cell.keys",0.6764705882352942,5.0,4.323529411764706,0.13529411764705884,0.13529411764705884,0.13529411764705884,2.0441176470588234,5.0,2.9558823529411766,0.4088235294117647,0.4088235294117647,0.4088235294117647,
"E:\Data\table_annotation\tmp\List_of_metropolitan_areas_in_Taiwan_f4ef.html_0.xml.html.cell.keys",0.0,2.0,1.0,0.0,0.0,0.0,0.5,2.0,0.5,0.5,0.25,0.3333333333333333,
"E:\Data\table_annotation\tmp\List_of_minimum_wages_in_Canada_9ce7.html_0.xml.html.cell.keys",0.5,1.0,0.5,0.5,0.5,0.5,0.75,1.0,0.25,0.75,0.75,0.75,
"E:\Data\table_annotation\tmp\List_of_Nintendo_GameCube_games_37a3.html_11.xml.html.cell.keys",2.0,4.0,1.0,0.6666666666666666,0.5,0.5714285714285715,2.5,4.0,0.5,0.8333333333333334,0.625,0.7142857142857143,
"E:\Data\table_annotation\tmp\List_of_number-one_singles_in_Australia_during_the_1980s_cf98.html_8.xml.html.cell.keys",2.0,2.0,0.0,1.0,1.0,1.0,2.0,2.0,0.0,1.0,1.0,1.0,
"E:\Data\table_annotation\tmp\List_of_peaks_named_Bear_Mountain_0474.html_0.xml.html.cell.keys",0.0,4.0,3.0,0.0,0.0,0.0,1.15,4.0,1.85,0.3833333333333333,0.2875,0.3285714285714285,
"E:\Data\table_annotation\tmp\List_of_people_from_Savannah,_Georgia_da72.html_0.xml.html.cell.keys",0.0,1.0,1.0,0.0,0.0,0.0,0.25,1.0,0.75,0.25,0.25,0.25,
"E:\Data\table_annotation\tmp\List_of_people_with_epilepsy.html_11.xml.html.cell.keys",0.0,2.0,1.0,0.0,0.0,0.0,0.25,2.0,0.75,0.25,0.125,0.16666666666666666,
"E:\Data\table_annotation\tmp\List_of_Philippine_provinces_by_population_9d11.html_0.xml.html.cell.keys",0.0,3.0,2.0,0.0,0.0,0.0,1.0,3.0,1.0,0.5,0.3333333333333333,0.4,
"E:\Data\table_annotation\tmp\List_of_poliomyelitis_survivors.html_9.xml.html.cell.keys",0.0,2.0,1.0,0.0,0.0,0.0,0.5,2.0,0.5,0.5,0.25,0.3333333333333333,
"E:\Data\table_annotation\tmp\List_of_Presidents_of_the_French_Republic_0bfc.html_0.xml.html.cell.keys",0.8333333333333333,4.0,1.1666666666666667,0.41666666666666663,0.20833333333333331,0.27777777777777773,1.25,4.0,0.75,0.625,0.3125,0.4166666666666667,
"E:\Data\table_annotation\tmp\List_of_Puerto_Rican_Academy_Award_winners_and_nominees_c63a.html_0.xml.html.cell.keys",1.8333333333333333,4.0,1.1666666666666667,0.611111111111111,0.4583333333333333,0.5238095238095237,2.0,4.0,1.0,0.6666666666666666,0.5,0.5714285714285715,
"E:\Data\table_annotation\tmp\List_of_Puisne_Justices_of_the_Supreme_Court_of_Canada_4ebb.html_0.xml.html.cell.keys",1.0,8.0,4.0,0.2,0.125,0.15384615384615385,2.5,8.0,2.5,0.5,0.3125,0.38461538461538464,
"E:\Data\table_annotation\tmp\List_of_rivers_of_the_United_Kingdom_1a51.html_0.xml.html.cell.keys",0.0,3.0,1.0,0.0,0.0,0.0,0.3333333333333333,3.0,0.6666666666666667,0.3333333333333333,0.1111111111111111,0.16666666666666666,
"E:\Data\table_annotation\tmp\List_of_Seinfeld_minor_characters_0df6.html_5.xml.html.cell.keys",1.3333333333333333,4.0,2.666666666666667,0.3333333333333333,0.3333333333333333,0.3333333333333333,2.0,4.0,2.0,0.5,0.5,0.5,
"E:\Data\table_annotation\tmp\List_of_settlements_in_Hertfordshire_by_population_65f9.html_0.xml.html.cell.keys",0.0,3.0,2.0,0.0,0.0,0.0,1.0,3.0,1.0,0.5,0.3333333333333333,0.4,
"E:\Data\table_annotation\tmp\List_of_Shopping_Centres_in_Australia_by_size_c80f.html_0.xml.html.cell.keys",0.0,2.0,2.0,0.0,0.0,0.0,1.0,2.0,1.0,0.5,0.5,0.5,
"E:\Data\table_annotation\tmp\List_of_space_exploration_milestones,_1957-1969.html_2.xml.html.cell.keys",0.25,3.0,1.75,0.125,0.08333333333333333,0.1,0.375,3.0,1.625,0.1875,0.125,0.15,
"E:\Data\table_annotation\tmp\List_of_Star_Trek_characters_4bf8.html_1.xml.html.cell.keys",1.5,2.0,0.5,0.75,0.75,0.75,1.625,2.0,0.375,0.8125,0.8125,0.8125,
"E:\Data\table_annotation\tmp\List_of_Star_Trek_characters_4bf8.html_6.xml.html.cell.keys",3.333333333333333,4.0,0.6666666666666667,0.8333333333333333,0.8333333333333333,0.8333333333333333,3.666666666666667,4.0,0.33333333333333326,0.9166666666666667,0.9166666666666667,0.9166666666666667,
"E:\Data\table_annotation\tmp\List_of_Strawberry_Shortcake_video_games_cf93.html_0.xml.html.cell.keys",1.5,5.0,2.5,0.375,0.3,0.33333333333333326,2.25,5.0,1.75,0.5625,0.45,0.5,
"E:\Data\table_annotation\tmp\List_of_superlative_Academy_Award_winners_and_nominees_52c5.html_3.xml.html.cell.keys",1.75,2.0,0.25,0.875,0.875,0.875,1.875,2.0,0.125,0.9375,0.9375,0.9375,
"E:\Data\table_annotation\tmp\List_of_Test_cricket_grounds_ad94.html_9.xml.html.cell.keys",0.0,2.0,2.0,0.0,0.0,0.0,0.5,2.0,1.5,0.25,0.25,0.25,
"E:\Data\table_annotation\tmp\List_of_The_Daily_Show_guests_(1998)_c8e2.html_0.xml.html.cell.keys",0.0,2.0,1.0,0.0,0.0,0.0,0.25,2.0,0.75,0.25,0.125,0.16666666666666666,
"E:\Data\table_annotation\tmp\List_of_The_Daily_Show_guests_(2006)_270c.html_11.xml.html.cell.keys",0.0,2.0,1.0,0.0,0.0,0.0,0.5,2.0,0.5,0.5,0.25,0.3333333333333333,
"E:\Data\table_annotation\tmp\List_of_trolleybus_systems_in_the_United_Kingdom_e871.html_8.xml.html.cell.keys",0.0,1.0,1.0,0.0,0.0,0.0,0.375,1.0,0.625,0.375,0.375,0.375,
"E:\Data\table_annotation\tmp\List_of_victims_of_Nazism_be15.html_5.xml.html.cell.keys",1.5,5.0,1.5,0.5,0.3,0.37499999999999994,1.75,5.0,1.25,0.5833333333333334,0.35,0.4375,
"E:\Data\table_annotation\tmp\Longitude_prize.html_0.xml.html.cell.keys",0.0,1.0,1.0,0.0,0.0,0.0,0.25,1.0,0.75,0.25,0.25,0.25,
"E:\Data\table_annotation\tmp\Miami_Heat_all-time_roster_6676.html_1.xml.html.cell.keys",0.3333333333333333,5.0,2.666666666666667,0.11111111111111109,0.06666666666666667,0.08333333333333333,1.6666666666666665,5.0,1.3333333333333335,0.5555555555555555,0.3333333333333333,0.41666666666666663,
"E:\Data\table_annotation\tmp\Michael_Tuck_Medal_ce06.html_0.xml.html.cell.keys",0.0,3.0,2.0,0.0,0.0,0.0,1.0,3.0,1.0,0.5,0.3333333333333333,0.4,
"E:\Data\table_annotation\tmp\Ministry_for_the_Environment_(New_Zealand)_8425.html_0.xml.html.cell.keys",0.0,5.0,3.0,0.0,0.0,0.0,0.6666666666666666,5.0,2.3333333333333335,0.2222222222222222,0.13333333333333333,0.16666666666666669,
"E:\Data\table_annotation\tmp\Minnesota's_7th_congressional_district.html_0.xml.html.cell.keys",0.6666666666666666,3.0,1.3333333333333335,0.3333333333333333,0.2222222222222222,0.26666666666666666,1.1666666666666665,3.0,0.8333333333333334,0.5833333333333333,0.38888888888888884,0.4666666666666666,
"E:\Data\table_annotation\tmp\Moorish_Revival_2c45.html_0.xml.html.cell.keys",0.0,4.0,3.0,0.0,0.0,0.0,1.25,4.0,1.75,0.4166666666666667,0.3125,0.35714285714285715,
"E:\Data\table_annotation\tmp\Municipality_numbers_of_Norway_c032.html_14.xml.html.cell.keys",0.0,1.0,1.0,0.0,0.0,0.0,0.5,1.0,0.5,0.5,0.5,0.5,
"E:\Data\table_annotation\tmp\Nashville,_Tennessee_0fa5.html_2.xml.html.cell.keys",1.1242424242424243,5.0,2.875757575757576,0.28106060606060607,0.22484848484848485,0.24983164983164988,1.5909090909090908,5.0,2.409090909090909,0.3977272727272727,0.3181818181818182,0.35353535353535354,
"E:\Data\table_annotation\tmp\Norm_Smith_Medal_7f49.html_0.xml.html.cell.keys",0.0,4.0,3.0,0.0,0.0,0.0,0.5,4.0,2.5,0.16666666666666666,0.125,0.14285714285714288,
"E:\Data\table_annotation\tmp\Northstate_Public_Radio_c974.html_0.xml.html.cell.keys",0.0,1.0,1.0,0.0,0.0,0.0,0.5,1.0,0.5,0.5,0.5,0.5,
"E:\Data\table_annotation\tmp\North_Cascades_720f.html_1.xml.html.cell.keys",0.3333333333333333,4.0,1.6666666666666667,0.16666666666666666,0.08333333333333333,0.1111111111111111,1.0,4.0,1.0,0.5,0.25,0.3333333333333333,
"E:\Data\table_annotation\tmp\N_(Poland)_5014.html_2.xml.html.cell.keys",1.5428571428571427,5.0,3.4571428571428573,0.30857142857142855,0.30857142857142855,0.30857142857142855,1.6321428571428571,5.0,3.367857142857143,0.3264285714285714,0.3264285714285714,0.3264285714285714,
"E:\Data\table_annotation\tmp\Orlando_Magic_all-time_roster_a0ec.html_2.xml.html.cell.keys",0.0,6.0,4.0,0.0,0.0,0.0,1.5,6.0,2.5,0.375,0.25,0.3,
"E:\Data\table_annotation\tmp\Padma_Bhushan_89ce.html_5.xml.html.cell.keys",0.8245614035087718,4.0,3.175438596491228,0.20614035087719296,0.20614035087719296,0.20614035087719296,1.7894736842105263,4.0,2.2105263157894735,0.4473684210526316,0.4473684210526316,0.4473684210526316,
"E:\Data\table_annotation\tmp\Panasonic_Open_12e3.html_7.xml.html.cell.keys",0.5,1.0,0.5,0.5,0.5,0.5,0.75,1.0,0.25,0.75,0.75,0.75,
"E:\Data\table_annotation\tmp\Portal~Government_of_India_Selected_lists_January,_2007_ca64.html_0.xml.html.cell.keys",1.0,3.0,1.0,0.5,0.3333333333333333,0.4,1.5,3.0,0.5,0.75,0.5,0.6,
"E:\Data\table_annotation\tmp\Praetorian_prefect.html_1.xml.html.cell.keys",1.2,2.0,0.8,0.6,0.6,0.6,1.4,2.0,0.6,0.7,0.7,0.7,
"E:\Data\table_annotation\tmp\Prime_Minister_of_Lithuania_77b7.html_0.xml.html.cell.keys",0.3333333333333333,4.0,1.6666666666666667,0.16666666666666666,0.08333333333333333,0.1111111111111111,1.0,4.0,1.0,0.5,0.25,0.3333333333333333,
"E:\Data\table_annotation\tmp\Prime_Minister_of_Serbia_and_Montenegro_49ee.html_0.xml.html.cell.keys",0.5,5.0,1.5,0.25,0.1,0.14285714285714288,1.25,5.0,0.75,0.625,0.25,0.35714285714285715,
"E:\Data\table_annotation\tmp\Progressive_Conservative_Party_of_Manitoba_fc22.html_0.xml.html.cell.keys",0.0,2.0,1.0,0.0,0.0,0.0,0.5,2.0,0.5,0.5,0.25,0.3333333333333333,
"E:\Data\table_annotation\tmp\Providence_County,_Rhode_Island_schools_9f43.html_1.xml.html.cell.keys",0.0,3.0,3.0,0.0,0.0,0.0,1.5,3.0,1.5,0.5,0.5,0.5,
"E:\Data\table_annotation\tmp\Raymond_Kurzweil_cb80.html_0.xml.html.cell.keys",1.1666666666666667,3.0,0.8333333333333334,0.5833333333333334,0.3888888888888889,0.4666666666666666,1.3333333333333333,3.0,0.6666666666666667,0.6666666666666666,0.4444444444444444,0.5333333333333333,
"E:\Data\table_annotation\tmp\Reel_Fishing_41d8.html_0.xml.html.cell.keys",2.0,3.0,0.0,1.0,0.6666666666666666,0.8,2.0,3.0,0.0,1.0,0.6666666666666666,0.8,
"E:\Data\table_annotation\tmp\Religious_rejection_of_politics.html_0.xml.html.cell.keys",1.0,2.0,1.0,0.5,0.5,0.5,1.0,2.0,1.0,0.5,0.5,0.5,
"E:\Data\table_annotation\tmp\Republican_Conference_Chairman_of_the_United_States_Senate_7b0c.html_0.xml.html.cell.keys",0.11764705882352941,3.0,1.8823529411764706,0.058823529411764705,0.0392156862745098,0.047058823529411764,0.8529411764705883,3.0,1.1470588235294117,0.42647058823529416,0.2843137254901961,0.3411764705882353,
"E:\Data\table_annotation\tmp\Rookie_Challenge_4618.html_0.xml.html.cell.keys",0.3333333333333333,2.0,0.6666666666666667,0.3333333333333333,0.16666666666666666,0.2222222222222222,0.6666666666666666,2.0,0.33333333333333337,0.6666666666666666,0.3333333333333333,0.4444444444444444,
"E:\Data\table_annotation\tmp\Rum_Patrol_00dd.html_0.xml.html.cell.keys",2.0,2.0,0.0,1.0,1.0,1.0,2.0,2.0,0.0,1.0,1.0,1.0,
"E:\Data\table_annotation\tmp\San_Jose,_California_e18c.html_1.xml.html.cell.keys",1.3333333333333333,5.0,2.666666666666667,0.3333333333333333,0.26666666666666666,0.2962962962962963,2.0,5.0,2.0,0.5,0.4,0.4444444444444445,
"E:\Data\table_annotation\tmp\Saracens_F.C._e62c.html_1.xml.html.cell.keys",0.0,3.0,3.0,0.0,0.0,0.0,1.0,3.0,2.0,0.3333333333333333,0.3333333333333333,0.3333333333333333,
"E:\Data\table_annotation\tmp\Saturn_Award_for_Best_Actress_on_Television_93d9.html_0.xml.html.cell.keys",0.8333333333333333,3.0,1.1666666666666667,0.41666666666666663,0.27777777777777773,0.33333333333333326,1.0,3.0,1.0,0.5,0.3333333333333333,0.4,
"E:\Data\table_annotation\tmp\Schmeisser_Award_5609.html_1.xml.html.cell.keys",0.16666666666666666,1.0,0.8333333333333334,0.16666666666666666,0.16666666666666666,0.16666666666666666,0.4166666666666667,1.0,0.5833333333333333,0.4166666666666667,0.4166666666666667,0.4166666666666667,
"E:\Data\table_annotation\tmp\Selwyn_County,_New_South_Wales_a9b2.html_0.xml.html.cell.keys",0.0,3.0,2.0,0.0,0.0,0.0,1.0,3.0,1.0,0.5,0.3333333333333333,0.4,
"E:\Data\table_annotation\tmp\Shooting_at_the_2006_Asian_Games_b90e.html_15.xml.html.cell.keys",0.0,1.0,1.0,0.0,0.0,0.0,0.0,1.0,1.0,0.0,0.0,0.0,
"E:\Data\table_annotation\tmp\SK_Brann_2007_a99d.html_5.xml.html.cell.keys",0.0,4.0,2.0,0.0,0.0,0.0,0.5,4.0,1.5,0.25,0.125,0.16666666666666666,
"E:\Data\table_annotation\tmp\Southern_Connecticut_Conference_7bce.html_1.xml.html.cell.keys",0.0,2.0,2.0,0.0,0.0,0.0,1.0,2.0,1.0,0.5,0.5,0.5,
"E:\Data\table_annotation\tmp\Southwest_Division_(NBA)_a04f.html_0.xml.html.cell.keys",0.2,1.0,0.8,0.2,0.2,0.20000000000000004,0.4,1.0,0.6,0.4,0.4,0.4000000000000001,
"E:\Data\table_annotation\tmp\Space_Shuttle_Atlantis_0a51.html_0.xml.html.cell.keys",0.3333333333333333,4.0,1.6666666666666667,0.16666666666666666,0.08333333333333333,0.1111111111111111,0.3333333333333333,4.0,1.6666666666666667,0.16666666666666666,0.08333333333333333,0.1111111111111111,
"E:\Data\table_annotation\tmp\Space_Shuttle_Columbia_ffaa.html_0.xml.html.cell.keys",1.25,3.0,0.75,0.625,0.4166666666666667,0.5,1.25,3.0,0.75,0.625,0.4166666666666667,0.5,
"E:\Data\table_annotation\tmp\Star_Screen_Award_for_Best_Supporting_Actress_4a19.html_0.xml.html.cell.keys",1.5,3.0,0.5,0.75,0.5,0.6,1.75,3.0,0.25,0.875,0.5833333333333334,0.7000000000000001,
"E:\Data\table_annotation\tmp\State_of_the_Union_(film)_2b85.html_0.xml.html.cell.keys",0.5,3.0,2.5,0.16666666666666666,0.16666666666666666,0.16666666666666666,0.75,3.0,2.25,0.25,0.25,0.25,
"E:\Data\table_annotation\tmp\Sten_Stensen_2a1f.html_1.xml.html.cell.keys",0.0,1.0,1.0,0.0,0.0,0.0,0.5,1.0,0.5,0.5,0.5,0.5,
"E:\Data\table_annotation\tmp\Sydney_Airport_05b8.html_1.xml.html.cell.keys",0.0,1.0,1.0,0.0,0.0,0.0,0.5,1.0,0.5,0.5,0.5,0.5,
"E:\Data\table_annotation\tmp\Tennis_statistics.html_5.xml.html.cell.keys",0.6739130434782609,4.0,2.3260869565217392,0.2246376811594203,0.16847826086956522,0.19254658385093168,1.5108695652173914,4.0,1.4891304347826086,0.5036231884057971,0.37771739130434784,0.43167701863354035,
"E:\Data\table_annotation\tmp\Test_matches_(1991-2000).html_6.xml.html.cell.keys",0.4318181818181818,3.0,2.5681818181818183,0.14393939393939395,0.14393939393939395,0.14393939393939395,1.1477272727272727,3.0,1.8522727272727273,0.38257575757575757,0.38257575757575757,0.3825757575757575,
"E:\Data\table_annotation\tmp\The_Bachelor~_Officer_and_a_Gentleman_ae4b.html_0.xml.html.cell.keys",0.0,3.0,3.0,0.0,0.0,0.0,1.0,3.0,2.0,0.3333333333333333,0.3333333333333333,0.3333333333333333,
"E:\Data\table_annotation\tmp\The_Get_Up_Kids_b93f.html_0.xml.html.cell.keys",2.25,4.0,0.75,0.75,0.5625,0.6428571428571429,2.5,4.0,0.5,0.8333333333333334,0.625,0.7142857142857143,
"E:\Data\table_annotation\tmp\Timber_Lake_4724.html_2.xml.html.cell.keys",0.0,5.0,3.0,0.0,0.0,0.0,1.375,5.0,1.625,0.4583333333333333,0.275,0.34374999999999994,
"E:\Data\table_annotation\tmp\Tri-state_area.html_2.xml.html.cell.keys",0.0,3.0,3.0,0.0,0.0,0.0,1.5,3.0,1.5,0.5,0.5,0.5,
"E:\Data\table_annotation\tmp\UEFA_Euro_1996_squads_be67.html_2.xml.html.cell.keys",0.5,4.0,2.5,0.16666666666666666,0.125,0.14285714285714288,1.0,4.0,2.0,0.3333333333333333,0.25,0.28571428571428575,
"E:\Data\table_annotation\tmp\UEFA_Euro_2004_squads_d586.html_7.xml.html.cell.keys",0.3333333333333333,4.0,2.666666666666667,0.11111111111111109,0.08333333333333333,0.09523809523809523,0.6666666666666666,4.0,2.3333333333333335,0.2222222222222222,0.16666666666666666,0.1904761904761905,
"E:\Data\table_annotation\tmp\United_States_House_of_Representatives_elections,_1904_5307.html_1.xml.html.cell.keys",0.125,4.0,2.875,0.041666666666666664,0.03125,0.03571428571428572,1.0,4.0,2.0,0.3333333333333333,0.25,0.28571428571428575,
"E:\Data\table_annotation\tmp\United_States_House_of_Representatives_elections,_1910_d7d7.html_1.xml.html.cell.keys",0.2,4.0,2.8,0.06666666666666667,0.05,0.05714285714285715,0.9333333333333332,4.0,2.066666666666667,0.31111111111111106,0.2333333333333333,0.2666666666666666,
"E:\Data\table_annotation\tmp\United_States_House_of_Representatives_elections,_1956_d204.html_1.xml.html.cell.keys",0.125,4.0,2.875,0.041666666666666664,0.03125,0.03571428571428572,1.25,4.0,1.75,0.4166666666666667,0.3125,0.35714285714285715,
"E:\Data\table_annotation\tmp\United_States_House_of_Representatives_elections,_1994_4425.html_30.xml.html.cell.keys",0.125,4.0,2.875,0.041666666666666664,0.03125,0.03571428571428572,1.25,4.0,1.75,0.4166666666666667,0.3125,0.35714285714285715,
"E:\Data\table_annotation\tmp\United_States_House_of_Representatives_elections,_1994_4425.html_42.xml.html.cell.keys",0.125,5.0,3.875,0.03125,0.025,0.02777777777777778,1.3382352941176472,5.0,2.661764705882353,0.3345588235294118,0.26764705882352946,0.29738562091503273,
"E:\Data\table_annotation\tmp\United_States_House_of_Representatives_elections,_2000_ddc3.html_2.xml.html.cell.keys",0.4583333333333333,4.0,2.541666666666667,0.15277777777777776,0.11458333333333333,0.13095238095238093,1.0833333333333333,4.0,1.9166666666666667,0.3611111111111111,0.2708333333333333,0.3095238095238095,
"E:\Data\table_annotation\tmp\United_States_House_of_Representatives_elections,_2002_02b9.html_4.xml.html.cell.keys",0.0,4.0,3.0,0.0,0.0,0.0,1.0,4.0,2.0,0.3333333333333333,0.25,0.28571428571428575,
"E:\Data\table_annotation\tmp\United_States_House_of_Representatives_elections,_2006_-_complete_list_c80b.html_1.xml.html.cell.keys",0.3333333333333333,5.0,3.666666666666667,0.08333333333333333,0.06666666666666667,0.07407407407407407,1.5,5.0,2.5,0.375,0.3,0.33333333333333326,
"E:\Data\table_annotation\tmp\United_States_House_of_Representatives_elections,_2008_-_complete_list_f1be.html_44.xml.html.cell.keys",0.5,1.0,0.5,0.5,0.5,0.5,0.75,1.0,0.25,0.75,0.75,0.75,
"E:\Data\table_annotation\tmp\United_States_Senate_elections,_2008_9587.html_1.xml.html.cell.keys",0.0,5.0,5.0,0.0,0.0,0.0,2.0,5.0,3.0,0.4,0.4,0.4000000000000001,
"E:\Data\table_annotation\tmp\United_States_Senate_elections,_2010_535c.html_0.xml.html.cell.keys",0.5833333333333333,4.0,3.416666666666667,0.14583333333333331,0.14583333333333331,0.14583333333333331,2.0416666666666665,4.0,1.9583333333333335,0.5104166666666666,0.5104166666666666,0.5104166666666666,
"E:\Data\table_annotation\tmp\Vehicle_registration_plates_of_Macedonia_8570.html_1.xml.html.cell.keys",0.0,2.0,2.0,0.0,0.0,0.0,1.0,2.0,1.0,0.5,0.5,0.5,
"E:\Data\table_annotation\tmp\Vernon_County,_New_South_Wales_dedd.html_0.xml.html.cell.keys",0.2857142857142857,3.0,1.7142857142857144,0.14285714285714285,0.09523809523809523,0.11428571428571427,0.6428571428571429,3.0,1.3571428571428572,0.32142857142857145,0.2142857142857143,0.2571428571428571,
"E:\Data\table_annotation\tmp\Wasseramt.html_0.xml.html.cell.keys",0.0,3.0,1.0,0.0,0.0,0.0,0.5,3.0,0.5,0.5,0.16666666666666666,0.25,
"E:\Data\table_annotation\tmp\Wisconsin_Intercollegiate_Athletic_Conference_a2ff.html_0.xml.html.cell.keys",0.25,5.0,3.75,0.0625,0.05,0.05555555555555556,1.5,5.0,2.5,0.375,0.3,0.33333333333333326,
"E:\Data\table_annotation\tmp\Wisden_100.html_0.xml.html.cell.keys",0.0,5.0,4.0,0.0,0.0,0.0,1.0,5.0,3.0,0.25,0.2,0.22222222222222224,
"E:\Data\table_annotation\tmp\Wisden_100.html_3.xml.html.cell.keys",0.4,4.0,3.6,0.1,0.1,0.10000000000000002,1.1,4.0,2.9,0.275,0.275,0.275,
"E:\Data\table_annotation\tmp\WNBA_Expansion_Draft_History_0a5f.html_4.xml.html.cell.keys",0.9807692307692308,6.0,4.019230769230769,0.19615384615384618,0.16346153846153846,0.1783216783216783,2.6730769230769234,6.0,2.3269230769230766,0.5346153846153847,0.44551282051282054,0.4860139860139861,
"E:\Data\table_annotation\tmp\X_the_album.html_11.xml.html.cell.keys",2.5,3.0,0.5,0.8333333333333334,0.8333333333333334,0.8333333333333334,2.5,3.0,0.5,0.8333333333333334,0.8333333333333334,0.8333333333333334,
"E:\Data\table_annotation\tmp\X_the_album.html_2.xml.html.cell.keys",2.0,3.0,1.0,0.6666666666666666,0.6666666666666666,0.6666666666666666,2.0,3.0,1.0,0.6666666666666666,0.6666666666666666,0.6666666666666666,
"E:\Data\table_annotation\tmp\Zee_Cine_Award_for_Best_Actor_-_Male_2c86.html_0.xml.html.cell.keys",0.8222222222222222,3.0,1.1777777777777778,0.4111111111111111,0.2740740740740741,0.3288888888888889,1.0333333333333332,3.0,0.9666666666666668,0.5166666666666666,0.3444444444444444,0.4133333333333333,
