File,REL(0)_cp_y, gs_y, cp_n, p,r,f,REL(1)_cp_y, gs_y, cp_n, p,r,f
"E:\Data\table_annotation\tmp\13th_Lok_Sabha_2973.html_3.xml.html.cell.keys",1.0,2.0,1.0,0.5,0.5,0.5,1.5,2.0,0.5,0.75,0.75,0.75,
"E:\Data\table_annotation\tmp\7_Studios_5645.html_0.xml.html.cell.keys",2.0,4.0,0.0,1.0,0.5,0.6666666666666666,2.0,4.0,0.0,1.0,0.5,0.6666666666666666,
"E:\Data\table_annotation\tmp\Aeropuertos_y_Servicios_Auxiliares_a1ee.html_0.xml.html.cell.keys",3.0,4.0,0.0,1.0,0.75,0.8571428571428571,3.0,4.0,0.5,0.8571428571428571,0.75,0.7999999999999999,
"E:\Data\table_annotation\tmp\Alphabetical_list_of_municipalities_and_communities_in_Greece_8069.html_5.xml.html.cell.keys",1.0,3.0,0.0,1.0,0.3333333333333333,0.5,1.0,3.0,0.0,1.0,0.3333333333333333,0.5,
"E:\Data\table_annotation\tmp\Atlanta_Hawks_3a1a.html_0.xml.html.cell.keys",0.0,5.0,0.0,0.0,0.0,0.0,0.0,5.0,0.0,0.0,0.0,0.0,
"E:\Data\table_annotation\tmp\Belgian_Ebony_Shoe_b217.html_0.xml.html.cell.keys",1.5,3.0,1.5,0.5,0.5,0.5,2.25,3.0,0.75,0.75,0.75,0.75,
"E:\Data\table_annotation\tmp\Beresford_County,_New_South_Wales_9641.html_0.xml.html.cell.keys",0.0,2.0,0.0,0.0,0.0,0.0,0.0,2.0,0.0,0.0,0.0,0.0,
"E:\Data\table_annotation\tmp\Best_of_Eurovision_be62.html_0.xml.html.cell.keys",2.0,3.0,0.0,1.0,0.6666666666666666,0.8,2.0,3.0,0.0,1.0,0.6666666666666666,0.8,
"E:\Data\table_annotation\tmp\Bishop_of_Tonbridge_e12a.html_0.xml.html.cell.keys",0.0,2.0,0.0,0.0,0.0,0.0,0.0,2.0,0.0,0.0,0.0,0.0,
"E:\Data\table_annotation\tmp\Brisbane_Broncos_2007_f85a.html_3.xml.html.cell.keys",1.0,1.0,0.0,1.0,1.0,1.0,1.0,1.0,0.0,1.0,1.0,1.0,
"E:\Data\table_annotation\tmp\Canton_of_Le_Catelet_05f6.html_0.xml.html.cell.keys",0.0,2.0,0.0,0.0,0.0,0.0,0.0,2.0,0.0,0.0,0.0,0.0,
"E:\Data\table_annotation\tmp\Canton_of_Marquion_e508.html_0.xml.html.cell.keys",0.0,2.0,0.0,0.0,0.0,0.0,0.0,2.0,0.0,0.0,0.0,0.0,
"E:\Data\table_annotation\tmp\Capital_and_Counties_b9a1.html_0.xml.html.cell.keys",1.0,2.0,0.0,1.0,0.5,0.6666666666666666,1.0,2.0,0.0,1.0,0.5,0.6666666666666666,
"E:\Data\table_annotation\tmp\Central_Greece_9697.html_1.xml.html.cell.keys",1.0,2.0,0.0,1.0,0.5,0.6666666666666666,1.0,2.0,0.0,1.0,0.5,0.6666666666666666,
"E:\Data\table_annotation\tmp\Central_Highlands_Province_f6e0.html_0.xml.html.cell.keys",1.0,3.0,0.0,1.0,0.3333333333333333,0.5,1.0,3.0,0.0,1.0,0.3333333333333333,0.5,
"E:\Data\table_annotation\tmp\Chicago_Cubs_team_records_b45c.html_12.xml.html.cell.keys",0.0,2.0,0.0,0.0,0.0,0.0,0.0,2.0,0.0,0.0,0.0,0.0,
"E:\Data\table_annotation\tmp\Chief_Minister_of_the_Northern_Territory_be79.html_0.xml.html.cell.keys",0.0,2.0,0.0,0.0,0.0,0.0,0.0,2.0,0.0,0.0,0.0,0.0,
"E:\Data\table_annotation\tmp\CMX_discography_7efa.html_0.xml.html.cell.keys",0.0,1.0,0.0,0.0,0.0,0.0,0.0,1.0,0.0,0.0,0.0,0.0,
"E:\Data\table_annotation\tmp\Comarques_of_Catalonia_a70c.html_1.xml.html.cell.keys",0.0,2.0,0.0,0.0,0.0,0.0,0.0,2.0,0.0,0.0,0.0,0.0,
"E:\Data\table_annotation\tmp\Commedia_all'italiana.html_0.xml.html.cell.keys",2.0,3.0,0.0,1.0,0.6666666666666666,0.8,2.0,3.0,0.0,1.0,0.6666666666666666,0.8,
"E:\Data\table_annotation\tmp\Communes_of_the_Essonne_department_7d4a.html_1.xml.html.cell.keys",0.0,1.0,0.0,0.0,0.0,0.0,0.0,1.0,0.0,0.0,0.0,0.0,
"E:\Data\table_annotation\tmp\Communes_of_the_Var_department_e37f.html_1.xml.html.cell.keys",0.0,1.0,0.0,0.0,0.0,0.0,0.0,1.0,0.0,0.0,0.0,0.0,
"E:\Data\table_annotation\tmp\Comuni_of_the_Province_of_Naples_92ce.html_0.xml.html.cell.keys",0.0,1.0,0.0,0.0,0.0,0.0,0.0,1.0,0.0,0.0,0.0,0.0,
"E:\Data\table_annotation\tmp\County_of_Nares,_Queensland_eccc.html_0.xml.html.cell.keys",0.0,2.0,0.0,0.0,0.0,0.0,0.0,2.0,0.5,0.0,0.0,0.0,
"E:\Data\table_annotation\tmp\County_statistics_of_the_United_States_66c4.html_4.xml.html.cell.keys",0.0,2.0,0.0,0.0,0.0,0.0,0.0,2.0,0.0,0.0,0.0,0.0,
"E:\Data\table_annotation\tmp\Danish_Superliga_1995-96_829e.html_1.xml.html.cell.keys",0.0,1.0,1.0,0.0,0.0,0.0,0.0,1.0,1.0,0.0,0.0,0.0,
"E:\Data\table_annotation\tmp\Danny_DeVito_filmography_9079.html_0.xml.html.cell.keys",1.0,2.0,0.0,1.0,0.5,0.6666666666666666,1.0,2.0,0.0,1.0,0.5,0.6666666666666666,
"E:\Data\table_annotation\tmp\Demographics_of_the_Swiss_Federal_Council_130f.html_6.xml.html.cell.keys",0.0,1.0,0.0,0.0,0.0,0.0,0.0,1.0,0.0,0.0,0.0,0.0,
"E:\Data\table_annotation\tmp\Diet_Pepsi_NFL_Rookie_of_the_Week_1657.html_1.xml.html.cell.keys",1.0,2.0,1.0,0.5,0.5,0.5,1.5,2.0,0.5,0.75,0.75,0.75,
"E:\Data\table_annotation\tmp\Division_I_94db.html_0.xml.html.cell.keys",1.0,3.0,0.0,1.0,0.3333333333333333,0.5,1.0,3.0,0.0,1.0,0.3333333333333333,0.5,
"E:\Data\table_annotation\tmp\Eddie_Robinson_Coach_of_the_Year_cc5c.html_0.xml.html.cell.keys",0.0,2.0,1.0,0.0,0.0,0.0,0.0,2.0,1.0,0.0,0.0,0.0,
"E:\Data\table_annotation\tmp\Electoral_district_of_Newland_39c6.html_0.xml.html.cell.keys",0.0,2.0,1.0,0.0,0.0,0.0,0.0,2.0,1.0,0.0,0.0,0.0,
"E:\Data\table_annotation\tmp\El_Paso,_Texas_243a.html_3.xml.html.cell.keys",0.0,3.0,2.0,0.0,0.0,0.0,0.0,3.0,2.0,0.0,0.0,0.0,
"E:\Data\table_annotation\tmp\ESPN_NFL_2K_966d.html_0.xml.html.cell.keys",1.0,2.0,0.0,1.0,0.5,0.6666666666666666,1.0,2.0,0.0,1.0,0.5,0.6666666666666666,
"E:\Data\table_annotation\tmp\EuroBasket_2007_squads_8fed.html_13.xml.html.cell.keys",0.0,4.0,1.0,0.0,0.0,0.0,0.5,4.0,0.5,0.5,0.125,0.2,
"E:\Data\table_annotation\tmp\Fast_bowling.html_1.xml.html.cell.keys",0.0,1.0,1.0,0.0,0.0,0.0,0.0,1.0,1.0,0.0,0.0,0.0,
"E:\Data\table_annotation\tmp\FIFA_100_44ce.html_7.xml.html.cell.keys",0.0,2.0,0.0,0.0,0.0,0.0,0.0,2.0,0.0,0.0,0.0,0.0,
"E:\Data\table_annotation\tmp\Fifth_dynasty_of_Egypt_687d.html_0.xml.html.cell.keys",1.0,2.0,0.0,1.0,0.5,0.6666666666666666,1.0,2.0,0.0,1.0,0.5,0.6666666666666666,
"E:\Data\table_annotation\tmp\file405599_0_cols1_rows23.xml.html.cell.keys",0.0,1.0,0.0,0.0,0.0,0.0,0.0,1.0,0.0,0.0,0.0,0.0,
"E:\Data\table_annotation\tmp\file440470_0_cols1_rows26.xml.html.cell.keys",1.0,1.0,0.0,1.0,1.0,1.0,1.0,1.0,0.0,1.0,1.0,1.0,
"E:\Data\table_annotation\tmp\Final_24.html_0.xml.html.cell.keys",0.0,2.0,0.0,0.0,0.0,0.0,0.0,2.0,0.0,0.0,0.0,0.0,
"E:\Data\table_annotation\tmp\Fixed_dose_combination_(antiretroviral).html_0.xml.html.cell.keys",1.0,2.0,0.0,1.0,0.5,0.6666666666666666,1.0,2.0,0.0,1.0,0.5,0.6666666666666666,
"E:\Data\table_annotation\tmp\Former_Southern_Conference_members_0958.html_0.xml.html.cell.keys",2.0,4.0,0.0,1.0,0.5,0.6666666666666666,2.5,4.0,0.0,1.0,0.625,0.7692307692307693,
"E:\Data\table_annotation\tmp\Generation_Adidas_28bc.html_4.xml.html.cell.keys",1.0,4.0,0.0,1.0,0.25,0.4,1.0,4.0,0.0,1.0,0.25,0.4,
"E:\Data\table_annotation\tmp\Gowen_County,_New_South_Wales_ef76.html_0.xml.html.cell.keys",0.0,2.0,0.0,0.0,0.0,0.0,0.0,2.0,0.0,0.0,0.0,0.0,
"E:\Data\table_annotation\tmp\Hladno_pivo.html_0.xml.html.cell.keys",0.0,2.0,0.0,0.0,0.0,0.0,0.0,2.0,0.0,0.0,0.0,0.0,
"E:\Data\table_annotation\tmp\House_(TV_series)_e301.html_0.xml.html.cell.keys",1.0,2.0,0.0,1.0,0.5,0.6666666666666666,1.0,2.0,0.0,1.0,0.5,0.6666666666666666,
"E:\Data\table_annotation\tmp\Houston_Texans_draft_history_2b62.html_6.xml.html.cell.keys",1.5,3.0,0.5,0.75,0.5,0.6,1.75,3.0,0.25,0.875,0.5833333333333334,0.7000000000000001,
"E:\Data\table_annotation\tmp\Independent_Wrestling_Federation_(Russia)_2ec2.html_0.xml.html.cell.keys",0.0,1.0,0.0,0.0,0.0,0.0,0.0,1.0,0.0,0.0,0.0,0.0,
"E:\Data\table_annotation\tmp\Iowa.html_4.xml.html.cell.keys",0.0,5.0,0.0,0.0,0.0,0.0,0.0,5.0,0.5,0.0,0.0,0.0,
"E:\Data\table_annotation\tmp\Jeff_Tweedy_ce20.html_1.xml.html.cell.keys",0.0,2.0,0.0,0.0,0.0,0.0,0.0,2.0,0.0,0.0,0.0,0.0,
"E:\Data\table_annotation\tmp\Juventus_F.C._statistics_and_records_26e0.html_0.xml.html.cell.keys",0.0,2.0,0.0,0.0,0.0,0.0,0.0,2.0,0.0,0.0,0.0,0.0,
"E:\Data\table_annotation\tmp\Lee_County,_Florida_fdc0.html_0.xml.html.cell.keys",0.5,3.0,0.5,0.5,0.16666666666666666,0.25,0.5,3.0,0.5,0.5,0.16666666666666666,0.25,
"E:\Data\table_annotation\tmp\List_of_African_countries_by_GDP_per_capita_b8bb.html_0.xml.html.cell.keys",0.0,1.0,0.0,0.0,0.0,0.0,0.0,1.0,0.0,0.0,0.0,0.0,
"E:\Data\table_annotation\tmp\List_of_airports_in_the_United_Kingdom_16d1.html_1.xml.html.cell.keys",4.0,5.0,0.0,1.0,0.8,0.888888888888889,4.0,5.0,0.5,0.8888888888888888,0.8,0.8421052631578948,
"E:\Data\table_annotation\tmp\List_of_Athabasca_University_people_bac1.html_0.xml.html.cell.keys",0.25,1.0,0.75,0.25,0.25,0.25,0.25,1.0,0.75,0.25,0.25,0.25,
"E:\Data\table_annotation\tmp\List_of_Australian_game_shows_0fc4.html_1.xml.html.cell.keys",1.0,2.0,0.0,1.0,0.5,0.6666666666666666,1.0,2.0,0.0,1.0,0.5,0.6666666666666666,
"E:\Data\table_annotation\tmp\List_of_birds_of_Thailand_4230.html_47.xml.html.cell.keys",1.0,1.0,0.0,1.0,1.0,1.0,1.0,1.0,0.0,1.0,1.0,1.0,
"E:\Data\table_annotation\tmp\List_of_Canadian_airports_by_location_indicator~_CJ_27f2.html_0.xml.html.cell.keys",2.0,2.0,0.0,1.0,1.0,1.0,2.0,2.0,0.0,1.0,1.0,1.0,
"E:\Data\table_annotation\tmp\List_of_Canadian_airports_by_location_indicator~_CV_5365.html_0.xml.html.cell.keys",0.0,1.0,1.0,0.0,0.0,0.0,0.0,1.0,1.0,0.0,0.0,0.0,
"E:\Data\table_annotation\tmp\List_of_cast_members_of_The_Simpsons_878d.html_2.xml.html.cell.keys",0.0,1.0,0.0,0.0,0.0,0.0,0.0,1.0,0.0,0.0,0.0,0.0,
"E:\Data\table_annotation\tmp\List_of_Catalan_language_television_channels_169d.html_14.xml.html.cell.keys",0.0,1.0,0.0,0.0,0.0,0.0,0.0,1.0,0.0,0.0,0.0,0.0,
"E:\Data\table_annotation\tmp\List_of_champagne_producers.html_0.xml.html.cell.keys",0.0,3.0,2.0,0.0,0.0,0.0,0.5,3.0,1.5,0.25,0.16666666666666666,0.2,
"E:\Data\table_annotation\tmp\List_of_cities_in_Norway_c220.html_0.xml.html.cell.keys",1.0,4.0,0.0,1.0,0.25,0.4,1.0,4.0,0.5,0.6666666666666666,0.25,0.36363636363636365,
"E:\Data\table_annotation\tmp\List_of_Disney_theatrical_animated_features_b17e.html_0.xml.html.cell.keys",0.0,1.0,0.0,0.0,0.0,0.0,0.0,1.0,0.0,0.0,0.0,0.0,
"E:\Data\table_annotation\tmp\List_of_Doctor_Who_serials_d22a.html_4.xml.html.cell.keys",1.0,4.0,0.0,1.0,0.25,0.4,1.0,4.0,0.0,1.0,0.25,0.4,
"E:\Data\table_annotation\tmp\List_of_expressways_and_highways_in_Malaysia_fd41.html_2.xml.html.cell.keys",0.0,2.0,0.0,0.0,0.0,0.0,0.0,2.0,0.0,0.0,0.0,0.0,
"E:\Data\table_annotation\tmp\List_of_Finnish_composers_0e0c.html_1.xml.html.cell.keys",0.0,3.0,0.0,0.0,0.0,0.0,0.0,3.0,0.0,0.0,0.0,0.0,
"E:\Data\table_annotation\tmp\List_of_foreign_ministers_in_1990.html_2.xml.html.cell.keys",0.6666666666666666,2.0,0.33333333333333337,0.6666666666666666,0.3333333333333333,0.4444444444444444,0.6666666666666666,2.0,0.33333333333333337,0.6666666666666666,0.3333333333333333,0.4444444444444444,
"E:\Data\table_annotation\tmp\List_of_game_show_hosts.html_4.xml.html.cell.keys",1.0,2.0,0.0,1.0,0.5,0.6666666666666666,1.0,2.0,0.0,1.0,0.5,0.6666666666666666,
"E:\Data\table_annotation\tmp\List_of_Governors_of_Kansas_38ec.html_3.xml.html.cell.keys",0.0,1.0,0.0,0.0,0.0,0.0,0.0,1.0,0.0,0.0,0.0,0.0,
"E:\Data\table_annotation\tmp\List_of_Governors_of_Louisiana_70f6.html_7.xml.html.cell.keys",0.0,1.0,0.0,0.0,0.0,0.0,0.0,1.0,0.0,0.0,0.0,0.0,
"E:\Data\table_annotation\tmp\List_of_high_schools_in_Indiana_c5c1.html_3.xml.html.cell.keys",1.0,1.0,0.0,1.0,1.0,1.0,1.0,1.0,0.0,1.0,1.0,1.0,
"E:\Data\table_annotation\tmp\List_of_high_schools_in_Indiana_c5c1.html_31.xml.html.cell.keys",1.0,1.0,0.0,1.0,1.0,1.0,1.0,1.0,0.0,1.0,1.0,1.0,
"E:\Data\table_annotation\tmp\List_of_ice_hockey_teams_in_Quebec_09ec.html_10.xml.html.cell.keys",0.0,1.0,0.0,0.0,0.0,0.0,0.0,1.0,0.0,0.0,0.0,0.0,
"E:\Data\table_annotation\tmp\List_of_Indigenous_Australian_group_names_51f7.html_15.xml.html.cell.keys",0.0,0.0,0.0,0.0,0.0,0.0,0.0,0.0,0.0,0.0,0.0,0.0,
"E:\Data\table_annotation\tmp\List_of_LGBT_characters_in_modern_written_fiction_84cf.html_9.xml.html.cell.keys",0.0,2.0,1.0,0.0,0.0,0.0,0.0,2.0,1.0,0.0,0.0,0.0,
"E:\Data\table_annotation\tmp\List_of_Members_of_the_European_Parliament_2004-2009_541b.html_13.xml.html.cell.keys",1.0,4.0,0.0,1.0,0.25,0.4,1.0,4.0,0.0,1.0,0.25,0.4,
"E:\Data\table_annotation\tmp\List_of_metropolitan_areas_in_Taiwan_f4ef.html_0.xml.html.cell.keys",0.0,0.0,0.0,0.0,0.0,0.0,0.0,0.0,0.0,0.0,0.0,0.0,
"E:\Data\table_annotation\tmp\List_of_Nintendo_GameCube_games_37a3.html_11.xml.html.cell.keys",1.0,3.0,0.0,1.0,0.3333333333333333,0.5,1.0,3.0,0.0,1.0,0.3333333333333333,0.5,
"E:\Data\table_annotation\tmp\List_of_number-one_singles_in_Australia_during_the_1980s_cf98.html_8.xml.html.cell.keys",0.0,1.0,0.0,0.0,0.0,0.0,0.0,1.0,0.0,0.0,0.0,0.0,
"E:\Data\table_annotation\tmp\List_of_peaks_named_Bear_Mountain_0474.html_0.xml.html.cell.keys",1.0,5.0,0.0,1.0,0.2,0.33333333333333337,1.5,5.0,0.0,1.0,0.3,0.4615384615384615,
"E:\Data\table_annotation\tmp\List_of_people_with_epilepsy.html_11.xml.html.cell.keys",0.0,1.0,0.0,0.0,0.0,0.0,0.0,1.0,0.0,0.0,0.0,0.0,
"E:\Data\table_annotation\tmp\List_of_Philippine_provinces_by_population_9d11.html_0.xml.html.cell.keys",0.0,1.0,0.0,0.0,0.0,0.0,0.0,1.0,0.0,0.0,0.0,0.0,
"E:\Data\table_annotation\tmp\List_of_poliomyelitis_survivors.html_9.xml.html.cell.keys",0.0,1.0,0.0,0.0,0.0,0.0,0.0,1.0,0.0,0.0,0.0,0.0,
"E:\Data\table_annotation\tmp\List_of_Presidents_of_the_French_Republic_0bfc.html_0.xml.html.cell.keys",1.0,3.0,0.0,1.0,0.3333333333333333,0.5,1.0,3.0,0.0,1.0,0.3333333333333333,0.5,
"E:\Data\table_annotation\tmp\List_of_Puerto_Rican_Academy_Award_winners_and_nominees_c63a.html_0.xml.html.cell.keys",2.0,3.0,0.0,1.0,0.6666666666666666,0.8,2.0,3.0,0.0,1.0,0.6666666666666666,0.8,
"E:\Data\table_annotation\tmp\List_of_Puisne_Justices_of_the_Supreme_Court_of_Canada_4ebb.html_0.xml.html.cell.keys",1.0,6.0,2.0,0.3333333333333333,0.16666666666666666,0.2222222222222222,1.0,6.0,2.0,0.3333333333333333,0.16666666666666666,0.2222222222222222,
"E:\Data\table_annotation\tmp\List_of_rivers_of_the_United_Kingdom_1a51.html_0.xml.html.cell.keys",0.0,2.0,0.0,0.0,0.0,0.0,0.0,2.0,0.0,0.0,0.0,0.0,
"E:\Data\table_annotation\tmp\List_of_Seinfeld_minor_characters_0df6.html_5.xml.html.cell.keys",1.0,2.0,0.0,1.0,0.5,0.6666666666666666,1.0,2.0,0.0,1.0,0.5,0.6666666666666666,
"E:\Data\table_annotation\tmp\List_of_settlements_in_Hertfordshire_by_population_65f9.html_0.xml.html.cell.keys",0.0,2.0,0.0,0.0,0.0,0.0,0.5,2.0,0.0,1.0,0.25,0.4,
"E:\Data\table_annotation\tmp\List_of_Shopping_Centres_in_Australia_by_size_c80f.html_0.xml.html.cell.keys",1.0,1.0,0.0,1.0,1.0,1.0,1.0,1.0,0.0,1.0,1.0,1.0,
"E:\Data\table_annotation\tmp\List_of_space_exploration_milestones,_1957-1969.html_2.xml.html.cell.keys",0.0,1.0,0.0,0.0,0.0,0.0,0.0,1.0,0.0,0.0,0.0,0.0,
"E:\Data\table_annotation\tmp\List_of_Star_Trek_characters_4bf8.html_1.xml.html.cell.keys",1.0,1.0,0.0,1.0,1.0,1.0,1.0,1.0,0.0,1.0,1.0,1.0,
"E:\Data\table_annotation\tmp\List_of_Star_Trek_characters_4bf8.html_6.xml.html.cell.keys",2.5,3.0,0.5,0.8333333333333334,0.8333333333333334,0.8333333333333334,2.5,3.0,0.5,0.8333333333333334,0.8333333333333334,0.8333333333333334,
"E:\Data\table_annotation\tmp\List_of_Strawberry_Shortcake_video_games_cf93.html_0.xml.html.cell.keys",1.0,4.0,1.0,0.5,0.25,0.3333333333333333,1.0,4.0,1.0,0.5,0.25,0.3333333333333333,
"E:\Data\table_annotation\tmp\List_of_Test_cricket_grounds_ad94.html_9.xml.html.cell.keys",1.0,1.0,0.0,1.0,1.0,1.0,1.0,1.0,0.0,1.0,1.0,1.0,
"E:\Data\table_annotation\tmp\List_of_The_Daily_Show_guests_(1998)_c8e2.html_0.xml.html.cell.keys",0.0,1.0,0.0,0.0,0.0,0.0,0.0,1.0,0.0,0.0,0.0,0.0,
"E:\Data\table_annotation\tmp\List_of_The_Daily_Show_guests_(2006)_270c.html_11.xml.html.cell.keys",0.0,1.0,0.0,0.0,0.0,0.0,0.0,1.0,0.0,0.0,0.0,0.0,
"E:\Data\table_annotation\tmp\List_of_victims_of_Nazism_be15.html_5.xml.html.cell.keys",1.0,4.0,0.0,1.0,0.25,0.4,1.0,4.0,0.0,1.0,0.25,0.4,
"E:\Data\table_annotation\tmp\Miami_Heat_all-time_roster_6676.html_1.xml.html.cell.keys",2.0,5.0,0.0,1.0,0.4,0.5714285714285715,2.0,5.0,0.0,1.0,0.4,0.5714285714285715,
"E:\Data\table_annotation\tmp\Michael_Tuck_Medal_ce06.html_0.xml.html.cell.keys",0.0,2.0,0.0,0.0,0.0,0.0,0.0,2.0,0.0,0.0,0.0,0.0,
"E:\Data\table_annotation\tmp\Ministry_for_the_Environment_(New_Zealand)_8425.html_0.xml.html.cell.keys",0.0,3.0,0.0,0.0,0.0,0.0,0.0,3.0,0.0,0.0,0.0,0.0,
"E:\Data\table_annotation\tmp\Minnesota's_7th_congressional_district.html_0.xml.html.cell.keys",1.0,2.0,0.0,1.0,0.5,0.6666666666666666,1.0,2.0,0.0,1.0,0.5,0.6666666666666666,
"E:\Data\table_annotation\tmp\Moorish_Revival_2c45.html_0.xml.html.cell.keys",1.0,3.0,0.0,1.0,0.3333333333333333,0.5,1.5,3.0,0.0,1.0,0.5,0.6666666666666666,
"E:\Data\table_annotation\tmp\Nashville,_Tennessee_0fa5.html_2.xml.html.cell.keys",2.0,4.0,1.0,0.6666666666666666,0.5,0.5714285714285715,2.0,4.0,1.0,0.6666666666666666,0.5,0.5714285714285715,
"E:\Data\table_annotation\tmp\Norm_Smith_Medal_7f49.html_0.xml.html.cell.keys",2.0,3.0,0.0,1.0,0.6666666666666666,0.8,2.0,3.0,0.0,1.0,0.6666666666666666,0.8,
"E:\Data\table_annotation\tmp\North_Cascades_720f.html_1.xml.html.cell.keys",0.0,3.0,0.0,0.0,0.0,0.0,0.0,3.0,0.0,0.0,0.0,0.0,
"E:\Data\table_annotation\tmp\N_(Poland)_5014.html_2.xml.html.cell.keys",1.0,3.0,0.0,1.0,0.3333333333333333,0.5,1.0,3.0,0.0,1.0,0.3333333333333333,0.5,
"E:\Data\table_annotation\tmp\Orlando_Magic_all-time_roster_a0ec.html_2.xml.html.cell.keys",2.0,5.0,1.0,0.6666666666666666,0.4,0.5,2.5,5.0,0.5,0.8333333333333334,0.5,0.625,
"E:\Data\table_annotation\tmp\Padma_Bhushan_89ce.html_5.xml.html.cell.keys",1.0,2.0,0.0,1.0,0.5,0.6666666666666666,1.0,2.0,0.0,1.0,0.5,0.6666666666666666,
"E:\Data\table_annotation\tmp\Portal~Government_of_India_Selected_lists_January,_2007_ca64.html_0.xml.html.cell.keys",0.0,3.0,1.0,0.0,0.0,0.0,0.0,3.0,1.5,0.0,0.0,0.0,
"E:\Data\table_annotation\tmp\Prime_Minister_of_Lithuania_77b7.html_0.xml.html.cell.keys",0.0,3.0,0.0,0.0,0.0,0.0,0.0,3.0,0.0,0.0,0.0,0.0,
"E:\Data\table_annotation\tmp\Prime_Minister_of_Serbia_and_Montenegro_49ee.html_0.xml.html.cell.keys",1.0,4.0,0.0,1.0,0.25,0.4,1.0,4.0,0.0,1.0,0.25,0.4,
"E:\Data\table_annotation\tmp\Progressive_Conservative_Party_of_Manitoba_fc22.html_0.xml.html.cell.keys",0.0,1.0,0.0,0.0,0.0,0.0,0.0,1.0,0.0,0.0,0.0,0.0,
"E:\Data\table_annotation\tmp\Providence_County,_Rhode_Island_schools_9f43.html_1.xml.html.cell.keys",1.0,2.0,0.0,1.0,0.5,0.6666666666666666,1.0,2.0,0.0,1.0,0.5,0.6666666666666666,
"E:\Data\table_annotation\tmp\Raymond_Kurzweil_cb80.html_0.xml.html.cell.keys",0.0,2.0,1.0,0.0,0.0,0.0,0.5,2.0,0.5,0.5,0.25,0.3333333333333333,
"E:\Data\table_annotation\tmp\Reel_Fishing_41d8.html_0.xml.html.cell.keys",0.0,2.0,0.0,0.0,0.0,0.0,0.0,2.0,0.0,0.0,0.0,0.0,
"E:\Data\table_annotation\tmp\Religious_rejection_of_politics.html_0.xml.html.cell.keys",0.5,1.0,0.5,0.5,0.5,0.5,0.5,1.0,0.5,0.5,0.5,0.5,
"E:\Data\table_annotation\tmp\Republican_Conference_Chairman_of_the_United_States_Senate_7b0c.html_0.xml.html.cell.keys",1.0,2.0,0.0,1.0,0.5,0.6666666666666666,1.0,2.0,0.0,1.0,0.5,0.6666666666666666,
"E:\Data\table_annotation\tmp\Rookie_Challenge_4618.html_0.xml.html.cell.keys",0.0,1.0,0.0,0.0,0.0,0.0,0.0,1.0,0.0,0.0,0.0,0.0,
"E:\Data\table_annotation\tmp\San_Jose,_California_e18c.html_1.xml.html.cell.keys",0.0,4.0,0.0,0.0,0.0,0.0,0.0,4.0,0.0,0.0,0.0,0.0,
"E:\Data\table_annotation\tmp\Saracens_F.C._e62c.html_1.xml.html.cell.keys",0.0,1.0,1.0,0.0,0.0,0.0,0.5,1.0,0.5,0.5,0.5,0.5,
"E:\Data\table_annotation\tmp\Saturn_Award_for_Best_Actress_on_Television_93d9.html_0.xml.html.cell.keys",0.0,2.0,0.0,0.0,0.0,0.0,0.0,2.0,0.0,0.0,0.0,0.0,
"E:\Data\table_annotation\tmp\Selwyn_County,_New_South_Wales_a9b2.html_0.xml.html.cell.keys",0.0,2.0,0.0,0.0,0.0,0.0,0.0,2.0,0.5,0.0,0.0,0.0,
"E:\Data\table_annotation\tmp\SK_Brann_2007_a99d.html_5.xml.html.cell.keys",0.0,3.0,0.0,0.0,0.0,0.0,0.0,3.0,0.0,0.0,0.0,0.0,
"E:\Data\table_annotation\tmp\Southern_Connecticut_Conference_7bce.html_1.xml.html.cell.keys",2.0,2.0,0.0,1.0,1.0,1.0,2.0,2.0,0.0,1.0,1.0,1.0,
"E:\Data\table_annotation\tmp\Space_Shuttle_Atlantis_0a51.html_0.xml.html.cell.keys",0.0,3.0,0.0,0.0,0.0,0.0,0.0,3.0,0.0,0.0,0.0,0.0,
"E:\Data\table_annotation\tmp\Space_Shuttle_Columbia_ffaa.html_0.xml.html.cell.keys",0.0,2.0,1.0,0.0,0.0,0.0,0.0,2.0,1.0,0.0,0.0,0.0,
"E:\Data\table_annotation\tmp\Star_Screen_Award_for_Best_Supporting_Actress_4a19.html_0.xml.html.cell.keys",0.0,2.0,0.0,0.0,0.0,0.0,0.0,2.0,0.0,0.0,0.0,0.0,
"E:\Data\table_annotation\tmp\State_of_the_Union_(film)_2b85.html_0.xml.html.cell.keys",0.0,2.0,0.0,0.0,0.0,0.0,0.0,2.0,0.0,0.0,0.0,0.0,
"E:\Data\table_annotation\tmp\Tennis_statistics.html_5.xml.html.cell.keys",2.0,3.0,0.0,1.0,0.6666666666666666,0.8,2.0,3.0,0.0,1.0,0.6666666666666666,0.8,
"E:\Data\table_annotation\tmp\The_Bachelor~_Officer_and_a_Gentleman_ae4b.html_0.xml.html.cell.keys",0.5,2.0,0.5,0.5,0.25,0.3333333333333333,0.75,2.0,0.25,0.75,0.375,0.5,
"E:\Data\table_annotation\tmp\The_Get_Up_Kids_b93f.html_0.xml.html.cell.keys",1.0,3.0,0.0,1.0,0.3333333333333333,0.5,1.0,3.0,0.0,1.0,0.3333333333333333,0.5,
"E:\Data\table_annotation\tmp\Timber_Lake_4724.html_2.xml.html.cell.keys",0.0,6.0,0.0,0.0,0.0,0.0,0.5,6.0,0.5,0.5,0.08333333333333333,0.14285714285714285,
"E:\Data\table_annotation\tmp\UEFA_Euro_1996_squads_be67.html_2.xml.html.cell.keys",0.0,2.0,0.0,0.0,0.0,0.0,0.0,2.0,0.0,0.0,0.0,0.0,
"E:\Data\table_annotation\tmp\UEFA_Euro_2004_squads_d586.html_7.xml.html.cell.keys",0.5,2.0,0.5,0.5,0.25,0.3333333333333333,0.75,2.0,0.25,0.75,0.375,0.5,
"E:\Data\table_annotation\tmp\United_States_House_of_Representatives_elections,_1904_5307.html_1.xml.html.cell.keys",1.5,3.0,0.5,0.75,0.5,0.6,1.75,3.0,0.25,0.875,0.5833333333333334,0.7000000000000001,
"E:\Data\table_annotation\tmp\United_States_House_of_Representatives_elections,_1910_d7d7.html_1.xml.html.cell.keys",1.0,3.0,0.0,1.0,0.3333333333333333,0.5,1.0,3.0,0.0,1.0,0.3333333333333333,0.5,
"E:\Data\table_annotation\tmp\United_States_House_of_Representatives_elections,_1956_d204.html_1.xml.html.cell.keys",1.0,3.0,1.0,0.5,0.3333333333333333,0.4,1.0,3.0,1.0,0.5,0.3333333333333333,0.4,
"E:\Data\table_annotation\tmp\United_States_House_of_Representatives_elections,_1994_4425.html_30.xml.html.cell.keys",1.0,3.0,0.0,1.0,0.3333333333333333,0.5,1.5,3.0,0.0,1.0,0.5,0.6666666666666666,
"E:\Data\table_annotation\tmp\United_States_House_of_Representatives_elections,_1994_4425.html_42.xml.html.cell.keys",1.0,3.0,0.0,1.0,0.3333333333333333,0.5,1.5,3.0,0.0,1.0,0.5,0.6666666666666666,
"E:\Data\table_annotation\tmp\United_States_House_of_Representatives_elections,_2000_ddc3.html_2.xml.html.cell.keys",1.0,3.0,1.0,0.5,0.3333333333333333,0.4,1.0,3.0,1.0,0.5,0.3333333333333333,0.4,
"E:\Data\table_annotation\tmp\United_States_House_of_Representatives_elections,_2002_02b9.html_4.xml.html.cell.keys",0.0,3.0,1.0,0.0,0.0,0.0,1.0,3.0,0.5,0.6666666666666666,0.3333333333333333,0.4444444444444444,
"E:\Data\table_annotation\tmp\United_States_House_of_Representatives_elections,_2006_-_complete_list_c80b.html_1.xml.html.cell.keys",1.0,3.0,1.0,0.5,0.3333333333333333,0.4,1.0,3.0,1.0,0.5,0.3333333333333333,0.4,
"E:\Data\table_annotation\tmp\United_States_Senate_elections,_2008_9587.html_1.xml.html.cell.keys",0.0,1.0,0.0,0.0,0.0,0.0,0.0,1.0,0.0,0.0,0.0,0.0,
"E:\Data\table_annotation\tmp\United_States_Senate_elections,_2010_535c.html_0.xml.html.cell.keys",1.0,2.0,0.0,1.0,0.5,0.6666666666666666,1.5,2.0,0.0,1.0,0.75,0.8571428571428571,
"E:\Data\table_annotation\tmp\Vehicle_registration_plates_of_Macedonia_8570.html_1.xml.html.cell.keys",0.0,1.0,1.0,0.0,0.0,0.0,0.0,1.0,1.0,0.0,0.0,0.0,
"E:\Data\table_annotation\tmp\Vernon_County,_New_South_Wales_dedd.html_0.xml.html.cell.keys",0.0,2.0,0.0,0.0,0.0,0.0,0.0,2.0,0.5,0.0,0.0,0.0,
"E:\Data\table_annotation\tmp\Wasseramt.html_0.xml.html.cell.keys",0.0,2.0,0.0,0.0,0.0,0.0,0.0,2.0,0.0,0.0,0.0,0.0,
"E:\Data\table_annotation\tmp\Wisconsin_Intercollegiate_Athletic_Conference_a2ff.html_0.xml.html.cell.keys",2.0,4.0,0.0,1.0,0.5,0.6666666666666666,2.0,4.0,0.0,1.0,0.5,0.6666666666666666,
"E:\Data\table_annotation\tmp\Wisden_100.html_0.xml.html.cell.keys",0.0,2.0,1.0,0.0,0.0,0.0,0.0,2.0,1.0,0.0,0.0,0.0,
"E:\Data\table_annotation\tmp\Wisden_100.html_3.xml.html.cell.keys",0.0,1.0,1.0,0.0,0.0,0.0,0.0,1.0,1.0,0.0,0.0,0.0,
"E:\Data\table_annotation\tmp\WNBA_Expansion_Draft_History_0a5f.html_4.xml.html.cell.keys",2.0,5.0,0.0,1.0,0.4,0.5714285714285715,2.0,5.0,0.0,1.0,0.4,0.5714285714285715,
"E:\Data\table_annotation\tmp\X_the_album.html_11.xml.html.cell.keys",0.0,2.0,0.0,0.0,0.0,0.0,0.0,2.0,0.0,0.0,0.0,0.0,
"E:\Data\table_annotation\tmp\X_the_album.html_2.xml.html.cell.keys",0.0,2.0,0.0,0.0,0.0,0.0,0.0,2.0,0.0,0.0,0.0,0.0,
"E:\Data\table_annotation\tmp\Zee_Cine_Award_for_Best_Actor_-_Male_2c86.html_0.xml.html.cell.keys",0.0,2.0,0.0,0.0,0.0,0.0,0.0,2.0,0.0,0.0,0.0,0.0,
